<?xml version="1.0" encoding="UTF-8"?><configurations><configuration description="This is the most recent code generation configuration used." isSelected="true" name="&lt;Most recent configuration&gt;"><platform>IPHONE</platform><domain>default</domain><language><languageName>Objective C</languageName><languageVersion/></language><destination destinationType="2" isClean="false" isOverwrite="false">C:\Download\GeneratedCode\iPhone\SUP213\drop9p2\sup101</destination><encoding>Cp1252</encoding><package packageType="3"/><isGenerateMetadata>false</isGenerateMetadata><isGenerateMetadataAndObjMgr>false</isGenerateMetadataAndObjMgr><isGenerateDocument>true</isGenerateDocument><isMbs>false</isMbs><isBackwardCompatible>false</isBackwardCompatible><uepProfile><profileName>My Unwired Server</profileName><hostname>nrezat35002</hostname><port>2480</port><username>supAdmin</username><password>s3pAdmin</password><protocol>http,https</protocol><runtimePackage>sup101:1.0</runtimePackage></uepProfile><customOptions/><pageSize>1024</pageSize><databaseFile>SUP1011_0.ulj</databaseFile><userData><project projectName="SUP101"><mobileBusinessObject id="_Z4dgcDkmEd-6EPmREBK0Fg">Customer</mobileBusinessObject></project><project projectName="SUP101"><mobileBusinessObject id="_bwRWoDkmEd-6EPmREBK0Fg">Sales_order</mobileBusinessObject></project></userData></configuration></configurations>